Datetime,Water Level (m)
2025-07-02 18:00:00,0.3701529
2025-07-02 19:00:00,0.6003608
2025-07-02 20:00:00,0.75648975
2025-07-02 21:00:00,0.76616544
2025-07-02 22:00:00,0.6671153
2025-07-02 23:00:00,0.47767156
2025-07-03 00:00:00,0.2614556
2025-07-03 01:00:00,0.08252187
2025-07-03 02:00:00,-0.020581545
2025-07-03 03:00:00,-0.027330264
2025-07-03 04:00:00,0.0912943
2025-07-03 05:00:00,0.268407
2025-07-03 06:00:00,0.45826733
2025-07-03 07:00:00,0.61697507
2025-07-03 08:00:00,0.7405283
2025-07-03 09:00:00,0.76371604
2025-07-03 10:00:00,0.68595254
2025-07-03 11:00:00,0.4980368
2025-07-03 12:00:00,0.25587115
2025-07-03 13:00:00,0.01977304
2025-07-03 14:00:00,-0.16289873
2025-07-03 15:00:00,-0.2434647
2025-07-03 16:00:00,-0.17329848
2025-07-03 17:00:00,-0.019254178
2025-07-03 18:00:00,0.17975345
2025-07-03 19:00:00,0.40059263
2025-07-03 20:00:00,0.59945244
2025-07-03 21:00:00,0.7369715
2025-07-03 22:00:00,0.7564768
2025-07-03 23:00:00,0.6657756
2025-07-04 00:00:00,0.5048991
2025-07-04 01:00:00,0.33275032
2025-07-04 02:00:00,0.17853944
2025-07-04 03:00:00,0.07208805
2025-07-04 04:00:00,0.057685442
2025-07-04 05:00:00,0.13922781
2025-07-04 06:00:00,0.27776396
2025-07-04 07:00:00,0.4445175
2025-07-04 08:00:00,0.5928921
2025-07-04 09:00:00,0.668352
2025-07-04 10:00:00,0.6533339
2025-07-04 11:00:00,0.55705166
2025-07-04 12:00:00,0.40127164
2025-07-04 13:00:00,0.21235886
2025-07-04 14:00:00,0.02915322
2025-07-04 15:00:00,-0.12162253
2025-07-04 16:00:00,-0.19206105
2025-07-04 17:00:00,-0.13277797
2025-07-04 18:00:00,0.01323256
2025-07-04 19:00:00,0.21376371
2025-07-04 20:00:00,0.42478982
2025-07-04 21:00:00,0.62301576
2025-07-04 22:00:00,0.7430718
2025-07-04 23:00:00,0.75775206
2025-07-05 00:00:00,0.6937589
2025-07-05 01:00:00,0.56373227
2025-07-05 02:00:00,0.40323916
2025-07-05 03:00:00,0.2550935
2025-07-05 04:00:00,0.14411543
2025-07-05 05:00:00,0.11000774
2025-07-05 06:00:00,0.15720809
2025-07-05 07:00:00,0.26905215
2025-07-05 08:00:00,0.4075276
2025-07-05 09:00:00,0.5392545
2025-07-05 10:00:00,0.62075233
2025-07-05 11:00:00,0.6482517
2025-07-05 12:00:00,0.57680744
2025-07-05 13:00:00,0.435075
2025-07-05 14:00:00,0.23227963
2025-07-05 15:00:00,0.031437386
2025-07-05 16:00:00,-0.115574636
2025-07-05 17:00:00,-0.17342453
2025-07-05 18:00:00,-0.1252312
2025-07-05 19:00:00,0.009961105
2025-07-05 20:00:00,0.2276443
2025-07-05 21:00:00,0.45797482
2025-07-05 22:00:00,0.6598427
2025-07-05 23:00:00,0.7918165
2025-07-06 00:00:00,0.82844543
2025-07-06 01:00:00,0.7698721
2025-07-06 02:00:00,0.6408895
2025-07-06 03:00:00,0.46179578
2025-07-06 04:00:00,0.27443695
2025-07-06 05:00:00,0.1284398
2025-07-06 06:00:00,0.056068514
2025-07-06 07:00:00,0.06483884
2025-07-06 08:00:00,0.16147316
2025-07-06 09:00:00,0.3095805
2025-07-06 10:00:00,0.4430791
2025-07-06 11:00:00,0.5512866
2025-07-06 12:00:00,0.58440506
2025-07-06 13:00:00,0.5312048
2025-07-06 14:00:00,0.3955137
2025-07-06 15:00:00,0.1921105
2025-07-06 16:00:00,-0.009630911
2025-07-06 17:00:00,-0.15435547
2025-07-06 18:00:00,-0.20891362
2025-07-06 19:00:00,-0.15611486
2025-07-06 20:00:00,0.0025912381
2025-07-06 21:00:00,0.23664308
2025-07-06 22:00:00,0.49383074
2025-07-06 23:00:00,0.7074579
2025-07-07 00:00:00,0.8566197
2025-07-07 01:00:00,0.91680354
2025-07-07 02:00:00,0.8613242
2025-07-07 03:00:00,0.70914304
2025-07-07 04:00:00,0.48123613
2025-07-07 05:00:00,0.25394356
2025-07-07 06:00:00,0.07262709
2025-07-07 07:00:00,-0.033796046
2025-07-07 08:00:00,-0.019930953
2025-07-07 09:00:00,0.11328548
2025-07-07 10:00:00,0.2897906
2025-07-07 11:00:00,0.46215138
2025-07-07 12:00:00,0.58281887
2025-07-07 13:00:00,0.62618977
2025-07-07 14:00:00,0.56496704
2025-07-07 15:00:00,0.41766286
2025-07-07 16:00:00,0.18500307
2025-07-07 17:00:00,-0.04740879
2025-07-07 18:00:00,-0.2031522
2025-07-07 19:00:00,-0.27150008
2025-07-07 20:00:00,-0.20896688
2025-07-07 21:00:00,-0.018400466
2025-07-07 22:00:00,0.26041466
2025-07-07 23:00:00,0.5624509
2025-07-08 00:00:00,0.8057043
2025-07-08 01:00:00,0.96512675
2025-07-08 02:00:00,1.0231073
2025-07-08 03:00:00,0.92943215
2025-07-08 04:00:00,0.7122176
2025-07-08 05:00:00,0.43160868
2025-07-08 06:00:00,0.15456252
2025-07-08 07:00:00,-0.058963586
2025-07-08 08:00:00,-0.16573195
2025-07-08 09:00:00,-0.12227296
2025-07-08 10:00:00,0.045327492
2025-07-08 11:00:00,0.27191126
2025-07-08 12:00:00,0.48298144
2025-07-08 13:00:00,0.636537
2025-07-08 14:00:00,0.6784506
2025-07-08 15:00:00,0.6031996
2025-07-08 16:00:00,0.39772394
2025-07-08 17:00:00,0.120549284
2025-07-08 18:00:00,-0.1387008
